Thumb,Index,Middle,Ring,Pinky,Letter,
4095,3712,3817,3249,3729,0,
3774,3765,4068,3410,3447,0,
3855,3729,4080,3413,3717,0,
4015,3854,4095,3530,3761,0,
4095,3886,4095,3339,3730,0,
4095,3887,4095,3531,3952,0,
4095,3890,4095,3556,3712,0,
4006,3767,4092,3428,3779,0,
3973,3826,4095,3511,3776,0,
3873,3763,4095,3495,3744,0,
3887,3683,4095,3477,3754,0,
3827,3606,4095,3430,3780,0,
3917,3698,4062,3488,3746,0,
3842,3623,3822,3503,3664,0,
3934,3697,3981,3945,3729,0,
3920,3695,4061,3493,3746,0,
3909,3721,4094,3504,3689,0,
3943,3870,4095,3526,3730,0,
3973,3893,4095,3469,3807,0,
3978,3814,4095,3521,3777,0,
4095,3781,4095,3517,3583,0,
3941,3846,4095,3525,4037,0,
3972,3659,4095,3507,3792,0,
3999,3909,4095,3893,3754,0,
3986,3883,4095,3535,3683,0,
4067,3883,4095,3637,3775,0,
3988,3695,4095,3594,3705,0,
4095,3790,4095,3648,3937,0,
4061,3791,4095,3565,3847,0,
4043,3879,4095,3537,3822,0,
4087,3887,4095,3531,3877,0,
4062,3909,4095,3574,3825,0,
4011,3884,4095,3552,3845,0,
4061,3793,4095,3575,4080,0,
3935,3792,4095,3555,3813,0,
4024,3797,4095,3569,3846,0,
3819,3578,3905,3235,3373,0,
3842,3633,4011,3277,3451,0,
3792,3669,4013,3254,3451,0,
3824,3625,4007,3263,3413,0,
3804,3628,3985,3286,3467,0,
3831,3667,4016,3280,3408,0,
3821,3669,3989,3280,3441,0,
3834,3657,3995,2966,3472,0,
3807,3726,3971,3262,3435,0,
3860,3774,4051,3320,3483,0,
3904,3735,4041,3275,3463,0,
3818,3812,4033,3287,3442,0,
3920,3658,4027,3289,3479,0,
3756,3719,4019,3191,3503,0,
3856,3646,3803,3245,3410,0,
3855,3661,3882,3248,3446,0,
3891,3569,3911,3248,3472,0,
3846,3702,3911,3250,3494,0,normal
3265,2960,2687,2087,2245,1,Holding
3294,2992,2672,2120,2310,1,
3330,3024,2702,2147,2339,1,
3312,2957,2688,2107,2287,1,
3207,2963,2650,1840,2259,1,
3100,2991,2723,2064,2305,1,
3334,3095,2833,2115,2393,1,
3128,2976,2624,1985,2383,1,
3277,2879,2577,2015,2278,1,
3293,2957,2584,2035,2248,1,
3279,2944,2644,1978,2327,1,
3405,3011,2643,2065,2384,1,
3371,3031,2691,2125,2402,1,
3311,2789,2704,2064,2410,1,
3308,2977,2678,2096,2384,1,
3354,2983,2747,2103,2443,1,
3369,2973,2628,2105,2404,1,
3417,3091,2802,2203,2342,1,
3450,3118,2823,2192,2441,1,
3428,3119,2857,2185,2470,1,
3367,2930,2606,2080,2272,1,
3111,3134,2890,2253,2575,1,
3312,3184,2937,2296,2547,1,
3282,3214,2910,2252,2479,1,
3281,3168,2927,2290,2514,1,
3349,3182,2970,2247,2489,1,
3369,3161,2864,2259,2517,1,
3312,3173,2896,2270,2496,1,
3296,3156,2911,2256,2534,1,
3327,3176,2878,2240,2539,1,
3266,3067,2800,2151,2403,1,
3227,3088,2800,2160,2498,1,
3253,3078,2789,2176,2404,1,
3261,3091,2837,2187,2404,1,
3259,3099,2899,2166,2463,1,
3278,3129,2842,2183,2486,1,
3238,3098,2818,2168,2432,1,
3285,3120,2834,2333,2441,1,
3286,3126,2849,2198,2475,1,
3291,3123,2849,2222,2438,1,
3750,3130,2880,2220,2470,1,
3301,3118,2897,2219,2483,1,
3337,3090,2630,2239,2465,1,
3296,2759,2901,2192,2498,1,
3335,3130,2880,2235,2454,1,
3343,3149,2895,2245,2571,1,
3323,3136,2927,2243,2480,1,
3369,3058,2896,2199,2495,1,
3322,3118,2911,2241,2547,1,
3312,3134,2903,2309,2511,1,
3339,3131,2891,2246,2460,1,
3280,3104,2896,2289,2484,1,
3327,3056,2882,2214,2577,1,
3328,3132,2911,2247,2512,1,
3360,3138,2960,2257,2521,1,
3507,3136,2917,2235,2543,1,
3399,3161,2933,2257,2571,1,
3391,3143,2929,2274,2559,1,
3376,3152,2937,2196,2559,1,
3422,3275,2942,2260,2581,1,
3713,3606,4032,3439,2837,2,A
3632,3603,4048,3387,2847,2,
3637,3611,4016,3381,2576,2,
3703,3423,3978,3394,2773,2,
3714,3600,3967,3375,2738,2,
3661,3600,4017,3365,2791,2,
3662,3593,3955,3427,2800,2,
3725,3615,3921,3377,2739,2,
3673,3540,3952,3341,2618,2,
3721,3795,3909,3419,2823,2,
3622,3439,3855,3324,2768,2,
3633,3527,3903,3309,2833,2,
3655,3418,3802,3299,2638,2,
3681,3482,3963,3289,2707,2,
3561,3600,3962,3326,2770,2,
3562,3535,3907,3401,2813,2,
3609,3555,4024,3379,3717,2,
3693,3559,3920,3364,3063,2,
3647,3566,3984,3376,3039,2,
3657,3628,4054,3349,3005,2,
3691,3604,3951,3285,2700,2,
3679,3562,3951,3323,2994,2,
3504,3523,3731,3001,2707,2,
3427,3313,3795,3216,2970,2,
3733,3815,4005,3337,3027,2,
3655,3569,3977,3327,3043,2,
3650,3533,4011,3337,2996,2,
3463,3446,3883,3278,2995,2,
3681,3533,3957,3305,3008,2,
3717,3574,3952,3339,3022,2,
3662,3559,3942,3468,3056,2,
3688,3569,3962,3315,3003,2,
3591,3403,3933,3323,2992,2,
3670,3563,3942,3373,3005,2,
3627,3579,3949,3364,2975,2,
3631,3535,3932,3312,2976,2,
3696,3557,3869,3363,2967,2,
3685,3458,3933,3312,3026,2,
3670,3603,3998,3344,3005,2,
3701,3472,3929,3346,2974,2,
3664,4095,4010,3334,3008,2,
3655,3497,3952,3399,3013,2,
3696,3592,3972,3300,3002,2,
3691,3478,3938,3355,3013,2,
3747,3583,4081,3367,3028,2,
3663,3647,3989,3337,3017,2,
3674,3627,3931,3341,2991,2,
3657,3550,3967,3307,3014,2,
3717,3536,3905,3341,2977,2,
3670,3568,3973,3338,2967,2,
3679,3421,3897,3347,2971,2,
3657,3568,3955,3430,2987,2,
3649,3546,3935,3342,2992,2,
3925,3751,4095,3547,3162,2,
3670,3568,3903,3414,3136,2,
3735,3518,3934,3443,3043,2,
3717,3591,3952,3351,3061,2,
3888,3524,3976,3447,3124,2,
3789,3696,3971,3424,3117,2,
3734,3561,3953,3382,3114,2,
3781,3487,3967,3466,3123,2,
3857,3578,3914,3443,3575,2,
3792,3601,3937,3456,3101,2,
3737,3527,3999,3470,3147,2,
3824,3598,3949,3374,3153,2,
3813,3566,3967,3403,3110,2,
3755,3548,3939,3350,3177,2,
3742,3920,3937,3376,3186,2,
3762,3564,3913,3407,2554,2,
3563,3504,3547,3377,2503,2,
3671,3364,3931,3423,3056,2,
3680,3546,3939,3791,3127,2,
3744,3632,3920,3422,3090,2,
3737,3494,3898,3414,3128,2,
3732,3549,3937,3920,3120,2,
3743,3552,3955,3439,3156,2,
3760,3550,3975,3434,3158,2,
3729,3557,3955,3435,3147,2,
3808,3482,3916,3435,3112,2,
3713,3278,3944,3419,3153,2,
3821,3440,3950,3419,3151,2,
3676,3499,3902,3414,3100,2,
3746,3491,3930,3414,3136,2,
3702,3501,3958,3404,3133,2,
3757,3501,3951,3408,3147,2,
3418,3536,3921,3409,3139,2,
3759,3440,3871,3425,3136,2,
3689,3523,3962,3442,3143,2,
3687,3463,3888,3394,3136,2,
3713,3445,3919,3379,3133,2,
3766,3501,3947,3404,3107,2,
3719,3434,3963,3395,3163,2,
3760,3473,3987,3376,3071,2,
3729,3729,3799,1664,3152,3,b
3851,3682,3860,1821,3411,3,
3734,3686,3851,1903,3411,3,
3799,3728,3863,2034,3410,3,
3721,3663,3836,1969,3388,3,
3761,3694,3920,2001,3413,3,
3723,3677,3920,1990,3343,3,
3776,3700,3973,1993,3664,3,
3760,3694,3941,2119,3632,3,
3799,3702,3969,2003,3571,3,
3695,3670,3953,2015,3559,3,
3717,3632,3945,2019,3630,3,
3727,3599,3776,1888,3713,3,
3821,3712,3882,1996,3591,3,
3764,3668,3883,2015,3555,3,
3768,3691,3952,2079,3621,3,
3746,3521,3890,2432,3580,3,
3776,3687,3917,2417,3524,3,
3765,3675,3840,1941,3384,3,
3493,3509,3820,2032,3655,3,
3813,3631,3798,1768,3664,3,
3860,3568,3831,1837,3654,3,
3828,3609,3833,1791,3645,3,
3727,3609,3887,2426,3576,3,
3764,3648,3840,2384,3819,3,
3955,3582,4095,2355,3642,3,
3760,3659,3792,2359,3696,3,
3794,3535,3794,2347,3630,3,
3743,3620,3863,2254,3634,3,
4095,3639,3815,2115,3632,3,
3799,3632,3774,2121,3574,3,
3747,3593,3798,2099,3614,3,
3792,3583,3776,2071,3630,3,
3824,3633,3751,2039,3571,3,
3825,3614,3821,2160,3636,3,
3792,3617,3787,2105,3615,3,
3791,3646,3804,2126,3631,3,
3762,3616,3850,2083,3603,3,
3794,3627,4095,2127,4095,3,
3861,3600,3858,2165,3622,3,
3728,3611,3918,2160,3613,3,
3760,3519,3843,2192,3349,3,
3800,3646,3894,2202,3653,3,
3824,3781,3922,2194,3659,3,
3803,3636,3903,2206,3632,3,
3788,3652,3863,2217,3882,3,
4034,3664,3879,2195,3618,3,
3700,3639,3897,2217,3708,3,
3791,3619,3920,2202,3626,3,
3809,3634,3827,2215,3695,3,
3776,3673,3667,2214,3614,3,
3760,3611,3889,2246,3629,3,
3766,3615,3927,2243,3632,3,
3782,3630,3868,2249,3610,3,
3831,3779,3887,2225,3646,3,
3817,3638,3917,2252,3645,3,
3758,3630,3938,2248,3817,3,
3650,3595,3851,2259,3623,3,
3793,3613,3845,2235,3621,3,
3769,3576,3896,2245,3306,3,
3788,3602,3787,2173,3568,3,
3836,3598,3896,2270,3520,3,
3815,3616,3910,2294,3631,3,
3818,3617,3900,2259,3623,3,
3794,3637,3912,2283,3600,3,
3831,3630,3920,2255,3649,3,
3822,3599,3913,2258,3601,3,
3814,3503,3914,2242,3632,3,
3810,3566,4031,2263,3684,3,
3803,3598,3895,2253,3583,3,
3785,3600,3888,2269,3558,3,
3805,3569,3900,2252,3626,3,
3635,3568,3897,2279,3627,3,
3871,3511,3865,2192,3610,3,
3763,3631,3888,2317,3631,3,
3781,3581,3780,2032,3629,3,
3744,3683,3791,2046,2415,4,C
3789,3744,3770,2083,2416,4,
3824,3698,3733,2126,2480,4,
3749,3757,3771,2071,2432,4,
3760,3712,3776,2094,2480,4,
3775,3724,3850,2102,2474,4,
3790,3663,3948,2117,2576,4,
3737,3698,3907,2125,2686,4,
3739,3719,3921,2107,2733,4,
3834,3779,3963,2185,2739,4,
3503,3487,3822,1876,2645,4,
3729,3614,3875,1981,2575,4,
3720,3492,3864,1947,2670,4,
3731,3723,3911,2069,2866,4,
3714,3669,4080,2274,3061,4,
3705,3663,3985,2227,3019,4,
3473,3423,3696,1914,2960,4,
3697,3659,3693,2060,2234,4,
3865,3573,3840,2066,2470,4,
3687,3654,3856,2138,2928,4,
3751,3731,3810,1990,2406,4,
3785,3669,3799,2129,2349,4,
3811,3725,3923,2259,2478,4,
3789,3726,3963,2294,2523,4,
3808,3718,3927,2306,2532,4,
3778,3725,3882,2261,2521,4,
3787,3708,3891,2321,2507,4,
3789,3697,3909,2272,2298,4,
3773,3712,3859,2342,2653,4,
3699,3694,3744,2352,2749,4,
3766,3771,3991,1840,2163,4,
4095,3654,3952,1993,2224,4,
3761,3655,3967,1968,2197,4,
3767,3639,3841,1984,2227,4,
3772,3503,3729,1993,2256,4,
3787,3493,3765,1998,2255,4,
3793,3522,3829,2000,2232,4,
3795,3536,3809,2001,2256,4,
3786,3539,3838,1739,2233,4,
3751,3511,3812,2040,2201,4,
3798,3536,3792,2014,2227,4,
3776,3604,3856,2095,2703,4,
3809,3713,3975,2001,2978,4,
3849,3702,3954,2462,3214,4,
3791,3691,3935,2332,2978,4,
3803,3713,3935,2272,2672,4,
3824,3723,3942,2135,2460,4,
3678,3645,3927,2160,2547,4,
3805,3818,3937,2156,2576,4,
3801,3712,3943,2200,2610,4,
3807,3713,3879,2217,2544,4,
3785,3715,3911,2220,2435,4,
3777,3713,3873,2215,2512,4,
3797,3692,3827,2219,2459,4,
3792,3738,3842,2235,2486,4,
3769,3712,2273,3193,3659,5,d
4095,3615,2298,3126,3653,5,
3766,3665,2326,3119,3647,5,
3570,3599,2389,3089,3609,5,
3745,3706,2384,3230,3634,5,
3786,3643,2432,3181,3617,5,
3754,3712,2265,3194,3635,5,
3751,3607,2288,3117,3600,5,
3792,3673,2243,3146,3544,5,
3977,3691,2235,3188,3750,5,
3713,3538,2288,3173,3634,5,
3650,3531,2288,3211,3613,5,
3760,3497,2288,3303,3575,5,
3793,3595,2353,3329,3634,5,
3792,3556,2384,3271,3650,5,
3793,3567,2416,3260,3627,5,
3856,3581,2423,3281,3650,5,
3779,3562,2224,3136,3571,5,
3746,3569,2374,3126,3653,5,
3754,3571,2383,3108,3652,5,
3925,3631,2579,3125,3866,5,
3750,3546,2373,3109,3606,5,
3732,3629,2359,3120,3550,5,
3737,3539,2359,2987,3635,5,
3758,3675,2376,3171,3568,5,
3731,3687,2269,3287,3557,5,
3778,3693,2581,3271,3620,5,
3733,3504,2515,3227,3559,5,
3783,3731,2578,3268,3627,5,
3759,3728,2624,3225,3600,5,
3888,3733,2496,3188,3631,5,
3736,3672,2527,3190,3543,5,
3782,3717,2365,3397,3487,5,
3766,3742,2544,3184,3543,5,
3681,3653,2326,3056,3472,5,
3728,3621,2496,3083,3561,5,
3783,3693,2845,3248,3636,5,
3773,3632,2825,3235,3634,5,
3723,3642,2817,3280,3632,5,
3843,3686,2797,3200,3671,5,
3789,4095,2800,3182,3633,5,
3647,3503,2753,3165,3581,5,
3741,3727,2905,3195,3635,5,
3732,3650,2672,3198,3622,5,
3558,3451,2384,3101,3601,5,
3766,3632,2432,3119,3623,5,
3763,3628,2624,3123,3614,5,
3632,3507,2551,3046,3602,5,
3839,3483,2298,3123,3621,5,
3793,3486,2325,3123,3645,5,
3791,3635,2415,3207,3598,5,
3793,3507,2234,3093,3600,5,
3799,3455,2255,3066,3603,5,
3907,3534,2268,3042,3611,5,
3717,3522,2265,3207,3654,5,
3775,3593,2267,3119,3639,5,
3822,3504,2315,3056,3621,5,
3840,3510,2338,3095,3613,5,
3826,3518,2397,3222,3648,5,
3809,3521,2358,3141,3632,5,
3802,3547,2387,3215,3568,5,
3705,3597,3312,3379,3631,5,
3947,3650,3049,3405,3615,5,
3719,3568,2915,3408,3597,5,
3767,3571,2471,3291,3629,5,
3776,3574,2446,3287,3616,5,
3748,3595,2479,3248,3607,5,
3737,3611,2505,3259,3602,5,
3699,3747,2554,3268,4095,5,
3662,3662,2626,3277,3567,5,
3743,3734,2704,3273,3610,5,
3797,3668,2524,3216,3536,5,
3824,3642,2479,3333,3582,5,
3777,3722,2547,3451,3549,5,
3775,3712,2672,3442,3606,5,
3794,3561,2382,3328,3191,6,e
3468,3385,2329,3280,3170,6,
3744,3568,2405,3557,3199,6,
3741,3504,2417,3312,3212,6,
3745,3481,2421,3325,3203,6,
3569,3501,2421,3312,3205,6,
3669,3489,2418,3335,3197,6,
3807,3490,2454,3374,3157,6,
3743,3439,2370,3312,2773,6,
3726,3658,2397,3258,2768,6,
3729,3615,2289,3052,2464,6,
3813,3175,2329,3179,2498,6,
3735,3621,2771,3376,3102,6,
3709,3491,2614,3391,2925,6,
3697,3525,2353,3408,2999,6,
3675,3650,2459,3371,3095,6,
3698,3648,2493,3409,3145,6,
3728,3567,2491,3394,3115,6,
3689,3557,2502,3381,3134,6,
3701,3537,2528,3358,3102,6,
3734,3611,2519,3466,3138,6,
3759,3568,2476,3437,3120,6,
3819,3607,2506,3442,3119,6,
3761,3600,2507,3399,3091,6,
3760,3542,2498,3391,3124,6,
3729,3525,2460,3378,3107,6,
3721,3524,2401,3247,3082,6,
3781,3554,2520,3387,3141,6,
3760,3552,2505,3316,3136,6,
3739,3568,2596,3359,3098,6,
3723,3647,3163,3254,3385,6,
3666,3647,3139,3271,3447,6,
3727,3632,2958,3293,3408,6,
3805,3736,2899,3411,3310,6,
4028,3766,3023,3471,3090,6,
3729,3664,2962,3513,3305,6,
3721,4058,2958,3488,3295,6,
3749,3661,2935,3467,3167,6,
3727,3623,2927,3419,2931,6,
3778,3618,2939,3417,3021,6,
3773,3629,2931,3414,2800,6,
3728,3582,3120,3299,3399,6,
3742,3605,3091,3336,3295,6,
3760,3697,2942,3394,3163,6,
3745,3705,2937,3466,3337,6,
3759,3659,2766,3490,3200,6,
3730,3662,2800,3474,3287,6,
3712,3633,2910,3457,3287,6,
3682,3627,3236,3243,3248,6,
3728,3412,3287,3267,3264,6,
3739,3656,3171,3344,3396,6,
3734,3644,3141,3344,3362,6,
3722,3640,2885,3280,3037,6,
3746,3486,2514,3270,2524,6,
3741,3504,2570,3232,2494,6,
3726,3658,2616,3322,2653,6,
3706,3575,2695,3295,3099,6,
3710,3634,2435,3382,3234,6,
3687,3648,2438,3324,2843,6,
3701,3636,2743,3451,3192,6,
3740,3579,2736,3383,3191,6,
3700,3709,2689,3387,3196,6,
3713,3536,2691,3376,3199,6,
3711,3541,2699,3351,3201,6,
3612,3527,2771,3350,3130,6,
3696,3523,2762,3386,3145,6,
3696,3527,3008,3342,3382,6,
3695,3735,2284,1869,3350,7,f
3786,3677,2347,1919,3429,7,
3719,3632,2442,1931,3424,7,
3679,3567,2446,1979,3414,7,
3376,3621,2507,1986,3427,7,
3731,3607,2550,2066,3489,7,
3693,3712,2438,2011,3442,7,
3764,3680,2416,1998,3463,7,
4009,3504,2416,2042,3440,7,
3757,3651,2391,2007,3403,7,
3835,3645,2512,2000,3503,7,
3751,3551,2494,2047,3748,7,
3786,3568,2507,2093,3418,7,
3713,3535,2134,1955,3442,7,
3713,3677,2529,1951,3431,7,
3729,3661,2523,2000,3408,7,
3965,3696,2243,1807,3558,7,
3811,3655,2262,1872,3533,7,
3938,3582,2256,1835,3525,7,
3807,3647,2401,1968,3412,7,
3805,3663,2363,2073,3506,7,
3809,3681,2379,2067,3503,7,
3792,3674,2459,2099,3600,7,
3749,3620,2458,2151,3565,7,
3767,3610,2426,2148,3505,7,
4080,3630,2462,2174,3536,7,
3793,3601,2470,2131,3536,7,
3792,3638,2480,2128,3552,7,
3758,3493,2477,2134,3552,7,
3738,3607,2631,2198,3681,7,
3775,3603,2523,2193,3540,7,
3790,3627,2530,2191,3483,7,
3789,3625,2543,1989,3427,7,
3792,3583,2499,2163,3482,7,
3771,3581,2525,2227,3590,7,
3664,3559,2523,2191,3491,7,
3761,3643,2512,2193,3393,7,
3735,3547,2543,2209,3499,7,
3792,3583,2518,2192,3532,7,
3794,3599,2527,2189,3518,7,
3765,3504,2569,2170,3475,7,
3818,3553,2569,2187,3519,7,
3779,3490,2531,2176,3479,7,
3856,3562,2694,2287,3495,7,
3699,3713,2698,2305,3536,7,
3809,3568,2688,2288,3531,7,
3788,3627,2777,2362,3536,7,
3902,3805,2718,2351,3554,7,
3813,3685,2682,2191,3468,7,
3829,3675,2746,2338,3583,7,
3776,3681,2753,2346,3543,7,
3804,3651,2722,2349,3547,7,
3824,3653,2741,2320,3557,7,
3809,3661,2725,2346,3557,7,
3809,3557,2709,2401,3550,7,
3707,3655,2277,1800,2784,8,g
3732,3697,2389,1872,2832,8,
3711,3644,2407,1968,2883,8,
3723,3662,2490,1967,2946,8,
3732,3739,2464,2000,2952,8,
3714,3601,2478,2021,2959,8,
3706,3609,2479,2069,2953,8,
3744,3663,2513,2035,2967,8,
3728,3679,2507,2070,3001,8,
3709,3623,2542,2093,2957,8,
3717,3713,2514,2117,2950,8,
3698,3625,2559,2103,2992,8,
3687,3612,2619,2164,2758,8,
3621,3615,2624,2127,2819,8,
3455,3423,2518,2109,2821,8,
3722,3607,2547,2128,3239,8,
3711,3595,2577,2165,2887,8,
3739,3673,2594,2128,3136,8,
3723,3581,2607,2181,2946,8,
3766,3571,2612,2135,2950,8,
3740,3546,2631,2218,2979,8,
3317,3523,2624,2175,2938,8,
3725,3536,2615,2176,2992,8,
3665,3529,2630,2191,2987,8,
3777,3670,2619,2169,2992,8,
3712,3680,2717,2175,2977,8,
3756,3661,2639,2180,2992,8,
3762,3686,2639,2177,2891,8,
3767,3663,2705,2177,2993,8,
3755,3651,2638,2144,2986,8,
3761,3669,2647,2176,2978,8,
3888,3678,2659,2159,2984,8,
4095,3649,2634,2145,2991,8,
3734,3622,2627,2171,2943,8,
3777,3661,2640,2201,2995,8,
3746,3661,2651,2196,2958,8,
3758,3635,2661,2179,2987,8,
3773,3600,2641,2047,2997,8,
3743,3638,2580,2128,2960,8,
3849,3638,2334,1981,2259,8,
3915,3623,2414,2012,2352,8,
3863,3611,2439,2091,2405,8,
3763,3648,2497,2047,2424,8,
3867,3638,2483,1996,2426,8,
3854,3582,2416,2064,2370,8,
3630,3385,2355,2003,2417,8,
3836,3612,2484,2042,2445,8,
3824,3619,2497,2033,2502,8,
3883,3651,2457,2075,2581,8,
3876,3615,2466,2085,2591,8,
3850,3664,2473,2085,2544,8,
3893,3632,2477,2086,2621,8,
3926,3618,2463,2095,2630,8,
3883,3601,2481,2082,2621,8,
3915,3617,2496,2091,2635,8,
3812,3659,2412,2093,2576,8,
3856,3472,2512,2096,2644,8,
4095,3639,2509,2081,2678,8,
3886,3504,2506,2093,2457,8,
3874,3579,2506,2096,2698,8,
4095,3709,2481,2065,2598,8,
3899,3667,2654,2157,2735,8,
3881,3618,2755,2229,2871,8,
3847,3643,2748,2241,2849,8,
3824,3568,2720,2231,2875,8,
3877,3322,2741,2235,2822,8,
3951,3635,2783,2207,2867,8,
3917,2497,3714,3152,3471,9,h
3918,2576,3695,3237,3458,9,
3951,2569,3888,3376,3534,9,
3903,2621,3902,3406,3638,9,
3920,2635,3788,3354,3591,9,
3964,2672,3825,3367,3606,9,
3939,2661,3921,3322,3646,9,
3909,2682,3862,3335,3633,9,
3889,2653,3792,3313,3619,9,
3946,2669,3835,3330,3612,9,
3909,2608,4095,3318,3617,9,
3904,2672,3879,3346,3655,9,
3954,2666,3885,3344,3571,9,
3911,2660,3904,3372,3630,9,
3922,2713,3831,3326,3602,9,
3891,2659,3801,3317,3616,9,
3933,2698,3854,3334,3624,9,
3927,2645,3857,3335,3600,9,
3924,2686,3841,3322,3611,9,
3888,2676,3831,3328,3602,9,
3951,2705,3819,3326,3565,9,
3933,2587,3706,3313,3633,9,
3888,2576,3798,3345,3669,9,
4037,2667,3850,3364,3618,9,
3985,2703,3891,3363,3695,9,
3850,2787,3783,3350,3676,9,
3855,2675,3858,3346,3653,9,
3837,2697,3802,3359,3559,9,
3724,2623,3794,3326,3632,9,
3824,2736,3765,3306,3605,9,
3815,2763,3797,3247,3616,9,
3838,2775,3835,3776,3648,9,
3801,2825,3791,3334,3637,9,
3791,2758,3760,3348,3575,9,
3841,2768,3799,3342,3600,9,
3821,2775,3786,3318,3598,9,
3819,2766,3762,3119,3579,9,
3830,2843,3776,3329,3608,9,
3846,2771,3781,3331,3529,9,
3831,2767,3760,3307,3564,9,
3846,2757,3803,3331,3514,9,
3851,2775,3760,3341,3534,9,
3875,2785,3769,3343,3575,9,
3842,2777,3760,3329,3571,9,
3824,2781,3822,3333,3546,9,
3866,2778,3760,3353,4016,9,
3815,2821,3735,3319,3509,9,
3915,2811,3741,3338,3632,9,
3815,2809,3806,3326,3601,9,
3869,3030,3806,3280,3563,9,
3865,2738,3792,3299,3555,9,
3815,2708,3783,3293,3697,9,
3871,2757,3806,3315,3582,9,
3863,2829,3862,3440,3211,10,i
3855,2816,3875,3387,3200,10,
3861,2803,3846,3372,3204,10,
3789,2799,3837,3344,3253,10,
3835,2819,3824,3358,3281,10,
3795,2830,3849,3473,3222,10,
3763,2839,3824,3417,3087,10,
3755,2734,3867,3373,3069,10,
3683,2763,3887,3405,3171,10,
3789,2737,3925,3459,3171,10,
3731,2730,3898,3392,3171,10,
3731,2799,3952,3440,3130,10,
3874,2615,4034,3448,3009,10,
3867,2639,3863,3445,2910,10,
3903,2680,3924,3383,2461,10,
3897,2685,3897,3396,2544,10,
3891,2704,3901,3405,2576,10,
3838,2666,3858,3345,2624,10,
3793,2880,3951,3409,3102,10,
3841,2875,3883,3408,3086,10,
3839,2769,3920,3419,3125,10,
3831,2897,3827,3411,3137,10,
3992,2855,3920,3413,3120,10,
3850,2858,3914,3409,3117,10,
3837,2853,3917,3412,3120,10,
3863,2852,3929,3434,3130,10,
3850,2851,3923,3478,3131,10,
3856,2608,3899,3408,3056,10,
3856,2848,3926,3404,3117,10,
3828,2858,3899,3498,3125,10,
3853,2867,3912,3390,3131,10,
3839,2873,3909,3404,3127,10,
3828,2887,3873,3359,3129,10,
3850,2870,3893,3425,3122,10,
3839,2953,3905,3379,3114,10,
3842,2848,3926,3450,3142,10,
3825,2858,4010,3398,3119,10,
3837,2867,3909,3399,3119,10,
3850,2864,3903,3367,3127,10,
3834,2994,3920,3403,3130,10,
3824,2869,3949,3390,3102,10,
3770,2865,3957,3395,3122,10,
3858,2818,3887,3363,3117,10,
3937,2840,3904,3344,3120,10,
3942,2862,3918,3381,3137,10,
3904,2768,3904,3379,3124,10,
3888,2889,3906,3344,3145,10,
3799,2881,3927,3405,3135,10,
3819,2966,3898,3362,3156,10,
3826,2994,3894,3381,3142,10,
3840,2983,3885,3365,3155,10,
3840,2972,3824,3348,3052,10,
3836,3001,3869,3350,3175,10,
3858,2990,3829,3376,3143,10,
3813,2995,3893,3374,3188,10,
3853,3058,3846,3382,3172,10,
3860,2975,3845,3328,3216,10,
3843,3001,3907,3373,3141,10,
3837,2992,3952,2099,3523,11,j
3830,3008,3877,2128,3492,11,
3828,3055,3889,2243,3475,11,
3778,2974,3815,2077,3460,11,
3843,2948,3921,2179,3440,11,
3797,2966,3920,2224,3476,11,
3792,2949,3922,2192,3419,11,
3853,2967,3882,2224,3402,11,
3797,2974,3940,2274,3463,11,
3858,2960,3931,2258,3461,11,
3797,3001,3898,2292,3461,11,
3766,2992,3952,2258,3456,11,
3760,2790,3898,2160,3530,11,
3765,2786,3984,2070,3463,11,
3733,2776,3987,2096,3570,11,
3696,2843,3959,2189,3599,11,
3751,2859,4048,2003,3614,11,
3780,2762,4023,2034,3571,11,
3763,2778,4011,2066,3565,11,
3702,2641,3950,2032,3507,11,
3708,2816,3958,2114,3551,11,
3676,2802,4001,2123,3450,11,
3747,2835,3939,2118,3657,11,
3749,2829,3853,2128,3539,11,
3741,2821,3779,2133,3530,11,
3710,2659,3472,2111,3407,11,
3774,2815,3624,2176,3355,11,
3787,2835,3602,2205,3443,11,
3734,2828,3651,2167,3467,11,
3742,2971,3664,2349,3312,11,
3905,2960,3676,2433,3357,11,
3721,2997,3949,2431,3456,11,
3751,3024,3935,2430,3429,11,
3793,3046,3820,2426,3492,11,
3765,3038,3902,2416,3439,11,
3793,3081,3871,2441,3449,11,
3782,3060,3862,2418,3455,11,
3763,2993,3811,2448,3454,11,
3788,3110,3815,2430,3266,11,
3771,3038,3797,2439,3427,11,
3813,2943,3971,2398,3443,11,
3812,2766,3948,2234,3435,11,
3822,2864,3962,2287,3359,11,
3807,2882,3920,2295,3418,11,
3783,2882,3937,2304,3442,11,
3809,2905,3966,2321,3152,11,
3834,2960,4080,2209,3425,11,
3856,2818,3999,1958,3551,11,
3858,2853,3940,2160,3661,11,
3867,2731,3922,2236,3876,11,
3795,2800,4032,2288,3558,11,
3796,2885,4063,2223,3512,11,
3775,2833,3947,2229,3680,11,
3774,2851,3957,2243,3589,11,
3801,2857,3952,2227,3552,11,
3808,2768,3954,2247,3518,11,
3776,2818,3923,2256,3507,11,
3675,2756,3822,2240,3509,11,
3792,2758,3824,2259,3486,11,
3833,2843,3825,2266,3495,11,
3845,2883,3828,2256,3472,11,
3810,2876,3828,2256,3520,11,
3707,2831,3803,2310,3438,11,
3792,2832,3827,2286,3490,11,
3786,2862,3791,2305,3456,11,
3859,2847,3763,2299,3451,11,
3807,2859,3838,2293,3483,11,
3560,2736,3610,2372,3418,11,
3789,2900,3634,2350,3394,11,
3920,2888,3728,2063,2479,12,k
3898,2809,3728,2053,2474,12,
3937,2873,3619,1970,2299,12,
3958,2875,3650,2030,2395,12,
3962,2875,3647,2045,2429,12,
3934,2877,3638,2079,2442,12,
3933,2895,3610,2066,2441,12,
3854,2875,3632,2077,2453,12,
3914,2881,3649,2094,2475,12,
3963,2891,3683,2063,2438,12,
3931,2864,3902,2038,2507,12,
3954,2861,3865,2085,2521,12,
3951,2863,3830,2066,2511,12,
3951,2867,3743,2087,2497,12,
3888,2863,3745,2097,2513,12,
3904,2846,3722,2093,2505,12,
3826,2843,3660,2089,2506,12,
3864,2863,3703,2098,2512,12,
3887,2858,3765,2114,2517,12,
3921,2875,3747,2099,2526,12,
3939,2864,3746,2133,2555,12,
3888,2834,3731,2133,2544,12,
3856,2863,3731,2128,2509,12,
3907,2867,3699,2128,2550,12,
3891,2867,3703,2143,2599,12,
3921,2894,3715,2161,2590,12,
3890,2768,3717,2086,2523,12,
3946,2807,3919,2094,2575,12,
3954,2863,3879,2151,2643,12,
3941,2854,3870,2159,2665,12,
3965,2868,3855,2183,2688,12,
3950,2871,3866,2196,2699,12,
3949,2869,3858,2210,2697,12,
3951,2878,3863,2206,2685,12,
3950,2896,3847,2215,2697,12,
3942,2884,3845,2226,2709,12,
3941,2885,3902,2222,2717,12,
3955,2909,3867,2224,2703,12,
3952,2898,3849,2229,2711,12,
3959,2896,3824,2217,2685,12,
3954,2906,3850,2225,2684,12,
3925,2900,3875,2237,2703,12,
3952,2899,3838,2220,2691,12,
3959,2895,3824,2230,2731,12,
3988,2915,3853,2241,2710,12,
3906,2815,3830,2229,2706,12,
3909,2874,3888,2243,2709,12,
3898,2819,3826,2234,2703,12,
3962,2795,3871,2069,2550,12,
3959,2822,3895,2139,2626,12,
3959,2815,3882,2150,2653,12,
3952,2826,3882,2167,2672,12,
3950,2834,3871,2176,2675,12,
3939,2843,3869,2179,2674,12,
3957,2825,3872,2195,2678,12,
3952,2847,3853,2191,2693,12,
3946,2844,3867,2207,2701,12,
3948,2855,3866,2219,2705,12,
3950,2674,3861,2081,2673,12,
3908,2993,3947,2798,2980,12,
3904,3025,3943,2607,2832,12,
3802,3034,3925,2571,2845,12,
3919,2709,2247,3296,3511,13,L
3916,2718,2259,3276,3520,13,
3892,2764,2288,3268,3518,13,
3917,2753,2299,3249,3508,13,
3900,2772,2304,3277,3529,13,
3918,2783,2303,3249,3493,13,
3931,2801,2329,3253,3483,13,
3894,2816,2347,3237,3527,13,
3893,2786,2150,3405,3711,13,
3969,2784,2198,3371,3695,13,
3952,2670,2183,3316,3650,13,
3929,2829,2285,3295,3643,13,
3847,2842,2304,3216,3639,13,
3871,2799,2302,3185,3618,13,
3827,2805,2311,3190,3630,13,
3845,2821,2313,3191,3658,13,
3863,2821,2323,3186,3649,13,
3845,2843,2330,3200,3638,13,
3883,2838,2334,3204,3629,13,
3879,2837,2337,3201,3632,13,
3885,2834,2353,3209,3632,13,
3890,2783,2359,3207,3632,13,
3874,2838,2357,3202,3632,13,
3870,2857,2364,3216,3631,13,
3908,2832,2362,3206,3697,13,
3863,2832,2366,3198,3633,13,
3878,2845,2384,3223,3482,13,
3886,2852,2384,3225,3622,13,
3898,2845,2380,3213,3632,13,
3885,2849,2398,3219,3631,13,
3877,2850,2393,3217,3623,13,
3878,2846,2387,3235,3631,13,
3890,2855,2403,3222,3627,13,
3920,2841,2368,3287,3561,13,
3903,2835,2381,3278,3551,13,
3885,2847,2384,3293,3573,13,
3876,2849,2393,3277,3580,13,
3874,2860,2416,3267,3582,13,
3894,2838,2384,3243,3536,13,
3911,2837,2401,3242,3552,13,
3648,2737,2368,3211,3520,13,
3863,2874,2539,3385,3603,13,
3867,2882,2491,3312,3569,13,
3834,2770,2464,3207,3573,13,
3856,2800,2480,3216,3637,13,
3824,2829,2559,3370,3671,13,
3767,2917,2557,3312,3603,13,
3845,2960,2613,3194,3417,13,
3614,2704,2323,3150,3583,13,
3824,2992,2626,3245,3641,13,
3824,2983,2639,3371,3627,13,
3839,2983,2629,3294,3616,13,
3789,2992,2641,3318,3623,13,
3796,2979,2613,3269,3576,13,
3818,2898,2640,3293,3653,13,
3860,2737,2425,3221,3538,13,
3905,2795,2474,3219,3591,13,
3861,2797,2496,3243,3591,13,
3846,2832,2503,3247,3591,13,
3872,2797,2492,3206,3568,13,
3845,2816,2498,3243,3567,13,
3999,2837,2311,3472,2989,14,M
3999,2855,2333,3425,2959,14,
3955,2847,2367,3459,2992,14,
3961,2846,2347,3415,2990,14,
3934,2862,2373,3430,3021,14,
3703,2673,2321,3325,2960,14,
3891,2852,2203,3132,2742,14,
3921,2846,2409,3394,3025,14,
3734,2605,2366,3345,2970,14,
3943,2801,2390,3349,3008,14,
3940,2850,2358,3454,2886,14,
3983,2915,2368,3455,2903,14,
3984,2883,2880,3364,2262,14,
3898,3043,2816,3431,2716,14,
3916,3040,2818,3382,2511,14,
3915,3071,2835,3355,2477,14,
3787,3063,2785,3353,2512,14,
3859,3089,2809,3359,2551,14,
3846,3099,2768,3344,2608,14,
3757,3008,2672,3415,2971,14,
3786,3067,2643,3309,2224,14,
3760,2975,2485,3435,2547,14,
3790,3013,2576,3454,2923,14,
3792,2977,2559,3441,2947,14,
3818,2985,2577,3427,2944,14,
3817,2971,2587,3411,2941,14,
3815,2991,2577,3398,2930,14,
3818,2995,2579,3379,2931,14,
3818,3003,2576,3379,2949,14,
3801,2983,2585,3376,2928,14,
3791,2983,2575,3370,2928,14,
3793,2989,2585,3380,2932,14,
3787,3008,2575,3488,2726,14,
3811,2991,2575,3447,2751,14,
3786,2962,2598,3362,2954,14,
3745,2911,2537,3393,2943,14,
3787,2877,2505,3484,2733,14,
3825,2762,2420,3489,2995,14,
3963,2799,2480,3583,3144,14,
3951,2963,2613,3490,3028,14,
3946,2991,2662,3490,3041,14,
3942,2997,2657,3483,3037,14,
3954,3000,2662,3489,3033,14,
3920,3042,2683,3496,3030,14,
3917,2885,2479,3463,2938,14,
3888,2915,2558,3467,3020,14,
3913,2897,2543,3450,2992,14,
3885,2928,2553,3431,2985,14,
3921,2922,2549,3421,2961,14,
3878,2916,2576,3391,2985,14,
3873,2960,2605,3472,2994,14,
3875,2983,2627,3427,2993,14,
3883,2979,2634,3425,3008,14,
3870,2962,2611,3435,3005,14,
3859,2960,2610,3397,3092,14,
3863,2957,2602,3390,3013,14,
3823,2851,2416,2176,3487,15,N
3847,2686,2398,2079,3428,15,
3806,2866,2419,2202,3469,15,
3879,2859,2434,2207,3466,15,
3845,2887,2463,2194,3451,15,
3748,2779,2367,2096,3519,15,
3899,2832,2446,2185,3501,15,
3819,2826,2421,2189,3525,15,
3867,2862,2377,1904,3538,15,
3835,2903,2403,2172,3537,15,
3873,2873,2417,2173,3526,15,
3847,2900,2430,2176,3492,15,
3824,2892,2426,2192,3546,15,
3797,2871,2448,2201,3521,15,
3839,2902,2448,2195,3498,15,
3792,2885,2442,2206,3506,15,
3971,2784,2319,1907,3529,15,
3897,2861,2368,1954,3546,15,
3914,2867,2288,2014,3526,15,
3888,2855,2338,2032,3550,15,
3901,3083,2667,2402,3559,15,
3941,2867,2557,2199,3505,15,
4002,2867,2509,2035,3423,15,
3936,2791,2422,2100,3440,15,
4039,2831,2448,2076,3424,15,
3681,2615,2198,1939,3465,15,
3993,2831,2498,2091,3514,15,
3935,2855,2406,2038,3547,15,
3998,2803,2494,2115,3489,15,
3697,2827,2496,2096,3465,15,
3788,2807,2496,2100,3483,15,
3766,2826,2499,2098,3477,15,
3787,2800,2421,1984,3487,15,
3793,2794,2441,1989,3494,15,
3798,2798,2452,2038,3472,15,
3809,2838,2489,2047,3483,15,
3799,2854,2480,2070,3491,15,
3805,2885,2509,2095,3491,15,
3802,2862,2497,2109,3475,15,
3795,2839,2493,2092,3471,15,
3813,2858,2495,2099,3477,15,
3810,2858,2500,2110,3474,15,
3804,2864,2502,2099,3472,15,
3810,2862,2501,2105,3477,15,
3802,2857,2502,2105,3488,15,
3807,2864,2514,2111,3488,15,
3821,2806,2490,1979,3514,15,
3826,2827,2464,1985,3523,15,
3859,2830,2501,2034,3574,15,
3826,2921,2533,2097,3536,15,
3824,2925,2558,2107,3536,15,
3883,2919,2512,2109,3599,15,
3865,2921,2544,1958,3485,15,
3867,2921,2551,2125,3517,15,
3875,2923,2545,2130,3532,15,
3861,2926,2549,2132,3524,15,
3856,2917,2555,2135,3520,15,
3878,2810,2409,2022,2529,16,O
3920,2832,2453,2043,2551,16,
3826,2798,2455,2019,2321,16,
3865,2801,2436,2035,2384,16,
3728,2543,2333,2016,2352,16,
3934,2799,2452,2038,2301,16,
3846,2798,2469,2027,2354,16,
3838,2747,2443,1968,2258,16,
3914,2800,2463,1984,2253,16,
4022,2763,2494,1997,2287,16,
3763,2807,2480,1995,2223,16,
3743,2800,2485,2003,2320,16,
3651,2815,2497,2017,2335,16,
3621,2816,2495,2010,2345,16,
3658,2835,2498,2030,2362,16,
3661,2825,2505,2022,2368,16,
3695,2992,2643,2166,2624,16,
3696,2967,2588,2168,2608,16,
3705,2979,2644,2171,2587,16,
3721,2975,2640,2166,2601,16,
3709,2982,2635,2166,2587,16,
3725,2971,2637,2165,2608,16,
3728,2977,2635,2167,2605,16,
3725,2966,2640,2171,2605,16,
3713,2975,2634,2165,2606,16,
3721,2971,2635,2163,2606,16,
3728,2976,2643,2168,2624,16,
3725,2972,2640,2166,2606,16,
3739,2977,2640,2167,2609,16,
3731,2834,2434,2034,2357,16,
3798,2846,2498,1985,2388,16,
3801,2855,2514,2019,2408,16,
3782,2885,2544,2053,2443,16,
3839,2877,2547,2064,2438,16,
3839,2889,2577,2038,2435,16,
3809,2875,2558,2059,2448,16,
3794,2964,2641,2150,2542,16,
3826,2957,2655,2159,2509,16,
3824,3005,2672,2224,2704,16,
3825,3107,2670,2207,2674,16,
3795,2949,2662,2203,2643,16,
3799,2960,2667,2209,2667,16,
3807,2980,2682,2231,2697,16,
3792,2915,2617,2179,2637,16,
3779,2929,2671,2224,2693,16,
3789,2873,2617,2151,2525,16,
3797,2889,2623,2150,2541,16,
3804,2903,2630,2160,2534,16,
3793,2895,2623,2160,2543,16,
3790,2896,2627,2160,2545,16,
3793,2943,2672,2229,2628,16,
3794,2848,2651,2237,2672,16,
3831,2898,2655,2240,2689,16,
3793,2909,2672,2250,2695,16,
3804,2909,2672,2242,2683,16,
3792,2846,2583,2127,2544,16,
3797,2858,2583,2134,2570,16,
3786,2861,2594,2137,2556,16,
3775,2855,2597,2133,2575,16,
3789,2863,2605,2139,2570,16,
3782,2854,2602,2137,2573,16,
3154,3710,4044,3245,3568,17,P
2880,3486,3926,3191,3497,17,
3186,3712,4080,3292,3703,17,
3211,3662,3994,3267,3657,17,
3211,3677,4032,3373,3715,17,
3195,3714,4048,3381,3840,17,
3344,3699,4042,3421,3743,17,
2782,3661,3962,3382,3701,17,
3165,3730,4016,3411,3707,17,
3071,3778,4054,3417,3723,17,
2799,3696,3968,3440,3751,17,
2847,3743,4080,3392,3678,17,
3199,3744,4054,3398,3681,17,
3315,3750,3985,3374,3695,17,
2941,3769,4028,3406,3719,17,
3120,3739,3969,3403,3707,17,
3130,3728,4033,3406,3718,17,
3091,3723,4030,3402,3722,17,
3114,3733,4038,3397,3697,17,
3150,3761,4095,3422,3712,17,
3135,3747,4085,3418,3708,17,
3139,3748,4095,3425,3718,17,
3150,3749,4064,3414,3713,17,
3139,3727,4069,3419,3706,17,
3153,3734,4065,3415,3709,17,
3168,3735,4080,3419,3712,17,
3168,3736,4071,3413,3712,17,
3174,3728,4080,3421,3715,17,
3168,3740,4077,3420,3706,17,
3161,3723,4067,3423,3711,17,
3166,3723,4067,3421,3715,17,
3178,3735,4063,3414,3712,17,
3177,3735,4053,3423,3703,17,
3185,3722,4048,3409,3702,17,
3168,3717,4033,3394,3742,17,
3189,3728,3995,3375,3687,17,
3186,3696,4030,3395,3689,17,
3167,3716,4057,3373,3661,17,
3170,3713,4031,3437,3713,17,
3174,3918,4039,3408,3702,17,
3186,3686,4017,3393,3681,17,
3171,3759,4080,3409,3693,17,
3211,3730,4049,3405,3701,17,
3213,3703,4014,3407,3631,17,
3185,3699,3889,3388,3654,17,
3189,3712,3952,3402,3656,17,
2642,3705,3938,3376,3699,17,
3138,3715,3944,3381,3671,17,
3156,3714,3952,3378,3683,17,
3211,3722,3975,3392,3695,17,
3216,3718,3977,3389,3702,17,
3213,3712,3981,3386,3694,17,
3216,3713,3984,3395,3696,17,
3223,3707,3979,3394,3700,17,
3226,3717,4054,3440,3027,18,Q
3223,3678,4037,3446,3057,18,
3223,3648,3990,3447,3046,18,
3237,3658,3969,3439,3061,18,
3251,3721,3997,3457,3101,18,
3218,3687,4028,3446,3088,18,
3243,3712,4001,3435,3071,18,
3217,3691,3984,3430,3098,18,
3237,3705,3952,3427,3090,18,
3054,3581,3896,3391,3067,18,
3232,3717,3959,3446,3061,18,
3217,3642,3979,3471,3110,18,
3242,3696,3998,3422,3088,18,
3202,3685,3970,3436,3129,18,
3216,3679,3961,3431,3104,18,
3115,3671,3982,3430,3021,18,
3239,3723,3997,3443,3119,18,
3245,3697,3984,3440,3117,18,
3250,3696,3988,3443,3123,18,
3235,3722,4007,3446,3123,18,
3239,3697,4009,3442,3123,18,
3225,3735,4037,3455,3121,18,
3210,3677,3974,3422,3141,18,
3257,3700,4007,3455,3115,18,
3239,3506,3805,3387,3088,18,
3266,3715,3998,3441,3127,18,
3227,3679,4049,3455,3135,18,
3215,3725,3925,3405,3115,18,
3184,3729,4027,3468,3026,18,
2911,3568,3930,3413,3034,18,
3166,3655,4004,3427,3056,18,
3194,3689,4043,3431,3201,18,
3184,3684,4021,3424,3089,18,
3215,3705,4049,3447,3108,18,
3235,3685,4007,3379,3120,18,
3244,3698,3936,3440,3113,18,
3271,3711,4000,3434,3111,18,
3247,3728,4023,3430,3114,18,
3273,3691,4001,3427,3104,18,
3253,3614,3993,3418,3115,18,
3268,3539,3806,3441,3105,18,
3273,3611,3911,3430,3120,18,
3313,3659,4075,3456,3120,18,
3307,3713,4095,3451,3117,18,
3275,3703,4077,3473,3149,18,
3303,3714,4005,3449,3105,18,
3307,3727,4061,3472,3124,18,
3281,3696,4064,3429,3095,18,
3215,3690,4059,3464,3120,18,
3223,3696,4043,3503,3124,18,
3230,3693,4054,3459,3142,18,
3217,3692,4043,3461,3110,18,
3276,3750,4095,2154,3514,19,R
3186,3772,4095,2163,3522,19,
3194,3741,4095,2183,3525,19,
3254,3723,4095,2197,3511,19,
3249,3690,3857,1993,3243,19,
3280,3867,4079,2217,3490,19,
3282,3679,4067,2224,3477,19,
3352,3701,4089,2238,3496,19,
3331,3690,4029,2237,3471,19,
3335,3693,4090,2244,3490,19,
3309,3721,4095,2259,3493,19,
3351,3702,4089,2257,3491,19,
3333,3682,4094,2252,3455,19,
3325,3696,4079,2240,3460,19,
3088,3425,3826,2032,3342,19,
3368,3716,4094,2254,3445,19,
3376,3697,4081,2258,3443,19,
3346,3691,4080,2287,3472,19,
3373,3695,4050,2292,3483,19,
3366,3664,4062,2294,3472,19,
3385,3702,4074,2301,3479,19,
3376,3695,4075,2303,3470,19,
3407,3678,4070,2304,3483,19,
3392,3692,4079,2315,3472,19,
3207,3701,4095,2305,3487,19,
3249,3708,4086,2314,3479,19,
3273,3638,4039,2302,3471,19,
3286,3698,4032,2303,3462,19,
3310,3684,4093,2319,3435,19,
3280,3669,4049,2326,3477,19,
3309,3700,4075,2314,3443,19,
3296,3707,4046,2306,3502,19,
3059,3671,3886,2055,3471,19,
2953,3732,4094,2113,3450,19,
2928,3700,4083,2314,3547,19,
2913,3702,4095,2301,3546,19,
3105,3741,4067,2129,3549,19,
2951,3715,4069,2029,3504,19,
2967,3711,4095,2130,3542,19,
3039,3701,4031,2239,3505,19,
3163,3773,4074,2341,3003,20,S
3203,3720,3996,2323,2975,20,
3195,3729,4024,2352,2967,20,
3201,3715,4023,2351,2972,20,
3214,3699,4031,2352,2973,20,
3178,3741,4049,2352,2933,20,
3145,3703,4015,2314,2975,20,
3169,3728,3984,2320,2973,20,
3182,3728,3985,2323,2966,20,
3184,3742,4051,2342,2987,20,
3184,3763,4043,2347,2977,20,
3178,3682,4011,2366,2994,20,
3178,3680,3997,2347,2969,20,
3185,3693,4059,2359,2982,20,
3205,3649,3989,2341,2946,20,
2914,3554,3917,2342,2962,20,
3184,3739,4048,2352,2987,20,
3218,3707,4042,2355,2975,20,
3211,3650,3999,2352,2979,20,
3195,3675,4016,2349,2967,20,
3207,3678,4088,2381,2986,20,
3219,3719,3984,2367,2976,20,
3209,3657,4030,2384,2994,20,
3216,3690,4033,2386,2995,20,
3229,3699,3992,2363,2975,20,
3232,3696,4043,2374,2966,20,
3201,3699,4048,2378,2994,20,
3227,3709,4036,2380,2999,20,
3238,3705,4049,2377,2994,20,
3246,3701,4059,2381,2992,20,
3246,3699,4058,2385,3002,20,
3231,3682,4016,2383,2992,20,
3223,3719,4054,2228,2949,20,
3239,3728,4086,2111,2802,20,
3181,3525,3950,2096,2753,20,
3262,3654,4023,2159,2794,20,
3255,3645,3966,2149,2783,20,
3281,3673,3958,2165,2803,20,
3549,3789,4095,2403,3039,20,
3381,3696,3997,2384,2960,20,
3346,3719,4026,2411,2960,20,
3159,3713,4049,2390,2987,20,
3131,3654,3997,2384,2960,20,
3266,3727,4090,2409,2980,20,
3217,3637,3824,2166,2691,20,
3260,3696,4057,2403,2970,20,
3276,3735,4087,2431,2991,20,
3251,3727,4080,2431,2981,20,
3267,3539,4039,2416,2985,20,
3301,3737,4095,2431,2979,20,
3283,3728,4095,2433,2994,20,
3253,3696,4018,2432,2878,20,
3299,3728,4080,2436,2978,20,
3305,3728,4078,2445,2991,20,
3299,3733,4071,2442,2991,20,
2865,3568,3862,2365,2965,20,
3234,3733,4091,2423,3003,20,
3278,3747,4095,2433,2997,20,
3290,3743,4095,2430,2992,20,
2922,3479,3792,2137,2903,20,
3217,3477,3807,2163,2717,20,
3248,3744,4076,2421,2999,20,
3201,3733,4080,2401,3002,20,
3184,3699,4070,2416,3024,20,
3250,3744,4091,2434,3001,20,
3259,3737,4083,2416,2994,20,
2913,3693,2243,3355,3365,21,T
2947,3710,2341,3357,3607,21,
2971,3756,2366,3287,3575,21,
2908,3713,2371,3309,3597,21,
2953,3727,2416,3306,3557,21,
2951,3696,2416,3281,3565,21,
2928,3732,2447,3291,3578,21,
2933,3666,2458,3283,3546,21,
2992,3699,2473,3402,3653,21,
2990,3739,2478,3376,3632,21,
3088,3734,2551,3408,3598,21,
3070,3707,2544,3343,3638,21,
2789,3469,2333,3232,3565,21,
3040,3698,2553,3326,3637,21,
3083,3750,2574,3341,3632,21,
2959,3745,2528,3362,3607,21,
2979,3731,2367,3182,3577,21,
2983,3741,2535,3329,3641,21,
2992,3731,2544,3318,3632,21,
2992,3730,2549,3327,3619,21,
2991,3715,2544,3299,3625,21,
2981,3701,2545,3299,3609,21,
3090,3756,2551,3468,3627,21,
2921,3520,2405,3469,3680,21,
2846,3662,2263,3280,3684,21,
2962,3727,2531,3359,3669,21,
3024,3745,2549,3367,3691,21,
3046,3689,2550,3344,3711,21,
2983,3621,2532,3319,3639,21,
3101,3663,2543,3396,3669,21,
3149,3728,2555,3388,3713,21,
3147,3758,2619,3362,3685,21,
2778,3455,2222,3132,3554,21,
3167,3723,2272,3283,3642,21,
3264,3757,2320,3376,3678,21,
2964,3568,2245,3238,3582,21,
3248,3734,2317,3327,3696,21,
3280,3735,2338,3312,3669,21,
3136,3467,2113,3047,3466,21,
2979,3717,2349,3337,3648,21,
3217,3728,2355,3120,3378,21,
3210,3683,2352,3222,3591,21,
3279,3733,2384,3262,3633,21,
3312,3717,2385,3398,3632,21,
3294,3737,2419,3391,3632,21,
3322,3732,2433,3392,3605,21,
3343,3746,2445,3376,3618,21,
3371,3728,2444,3414,3574,21,
3367,3731,2446,3397,3519,21,
3122,3471,2206,3115,3463,21,
3251,3750,2404,3453,2943,22,u
3271,3730,2423,3431,2967,22,
3165,3690,2400,3408,2745,22,
3230,3709,2379,3379,2963,22,
3249,3766,2418,3408,2980,22,
3265,3755,2426,3390,3002,22,
2832,3678,2317,3178,2747,22,
3167,3771,2368,3447,3024,22,
3174,3738,2387,3473,3011,22,
3206,3755,2413,3438,3011,22,
3184,3717,2416,3443,3019,22,
3231,3738,2417,3387,3017,22,
3223,3747,2418,3438,3004,22,
3232,3723,2416,3440,3024,22,
3246,3753,2431,3428,3027,22,
3223,3724,2436,3472,3049,22,
3199,3709,2414,3426,3035,22,
3218,3735,2448,3440,3047,22,
3215,3738,2420,3483,2869,22,
3264,3742,2400,3470,2977,22,
3290,3743,2416,3472,3003,22,
3280,3728,2416,3471,3013,22,
3293,3730,2425,3460,3017,22,
3291,3734,2425,3435,3008,22,
3302,3725,2429,3445,3018,22,
3291,3694,2430,3446,3031,22,
3302,3699,2430,3437,3026,22,
3270,3686,2431,3456,3037,22,
3315,3689,2430,3440,3034,22,
3295,3676,2431,3435,3037,22,
3299,3667,2432,3430,3034,22,
3303,3689,2439,3439,3033,22,
3312,3673,2443,3430,3037,22,
3408,3758,2401,3577,3050,22,
3121,3741,2425,3561,2918,22,
3217,3717,2453,3505,2990,22,
2814,3739,2464,3488,2864,22,
3214,3790,2553,3487,2908,22,
3131,3757,2519,3462,2893,22,
3175,3744,2523,3461,2930,22,
3152,3716,2542,3442,2928,22,
3168,3710,2526,3415,2939,22,
3184,3711,2533,3449,2973,22,
3167,3723,2555,2054,3686,23,V
3173,3712,2551,2119,3655,23,
3152,3706,2604,2141,3635,23,
3039,3728,2586,2211,3663,23,
3082,3715,2623,2224,3647,23,
3078,3712,2608,2234,3645,23,
3065,3675,2533,2233,3645,23,
3111,3709,2598,2231,3667,23,
3185,3747,2593,2285,3683,23,
3183,3687,2586,2283,3664,23,
3162,3739,2598,2288,3674,23,
3161,3696,2582,2301,3699,23,
3169,3755,2607,2304,3670,23,
3183,3713,2579,2289,3645,23,
3184,3698,2593,2302,3682,23,
3179,3672,2583,2302,3598,23,
3175,3699,2591,2331,3661,23,
3184,3727,2602,2313,3647,23,
3182,3731,2416,2288,3546,23,
3165,3711,2594,2320,3664,23,
3195,3718,2608,2339,3632,23,
2907,3453,2523,2302,3583,23,
3190,3713,2606,2347,3651,23,
3203,3721,2607,2357,3646,23,
3210,3731,2601,2357,3635,23,
3219,3744,2610,2361,3649,23,
3218,3754,2608,2363,3638,23,
3234,3728,2618,2364,3637,23,
3210,3722,2617,2371,3647,23,
3250,3728,2623,2369,3641,23,
3251,3713,2619,2368,3638,23,
3257,3696,2617,2374,3637,23,
3227,3707,2611,2362,3632,23,
3227,3730,2593,2361,3605,23,
3255,3702,2605,2370,3555,23,
3216,3733,2603,2365,3607,23,
3243,3728,2612,2384,3635,23,
3214,3701,2639,2388,3627,23,
3216,3702,2643,2384,3627,23,
3226,3780,2628,2394,3635,23,
3247,3731,2621,2368,3609,23,
3227,3849,2627,2394,3626,23,
3238,3706,2643,2399,3631,23,
3350,3681,2661,2432,3568,23,
3344,3690,2638,2417,3568,23,
3345,3683,2661,2438,3545,23,
3259,3681,2639,2402,3555,23,
3315,3642,2646,2429,3562,23,
3302,3669,2675,2434,3602,23,
3327,3706,2657,2418,3561,23,
3318,3681,2660,2448,3603,23,
3322,3696,2634,2426,3568,23,
3286,3686,2651,2432,3614,23,
3143,3703,2346,2204,2498,24,w
3178,3707,2407,2251,2511,24,
3204,3715,2416,2256,2500,24,
3194,3709,2429,2256,2547,24,
3214,3661,2404,2253,2544,24,
3185,3665,2511,2202,2586,24,
3207,3676,2513,2199,2593,24,
3269,3761,2510,2170,2495,24,
2960,3607,2467,2182,2574,24,
3117,3720,2544,2202,2585,24,
3173,3707,2545,2194,2591,24,
3152,3710,2539,2237,2622,24,
3153,3701,2551,2224,2621,24,
3184,3749,2555,2233,2622,24,
3187,3735,2519,2224,2612,24,
3177,3703,2544,2246,2623,24,
3185,3723,2550,2215,2613,24,
3191,3723,2549,2240,2631,24,
3216,3727,2576,2237,2634,24,
3199,3729,2559,2247,2640,24,
3201,3731,2555,2246,2642,24,
3228,3735,2555,2241,2640,24,
3199,3729,2556,2246,2646,24,
3201,3733,2573,2248,2643,24,
3210,3728,2566,2246,2650,24,
3202,3713,2547,2231,2640,24,
3222,3732,2551,2259,2649,24,
3233,3744,2567,2260,2651,24,
3209,3727,2570,2256,2659,24,
3205,3713,2571,2256,2650,24,
3215,3728,2557,2256,2658,24,
3210,3734,2576,2256,2661,24,
3216,3741,2571,2257,2662,24,
3214,3718,2576,2266,2666,24,
2950,3455,2303,2210,2627,24,
3293,3729,2559,2288,2731,24,
3373,3728,2554,2341,2774,24,
3251,3701,2546,2323,2759,24,
3280,3735,2518,2254,2545,24,
3280,3752,2502,2256,2597,24,
3285,3703,2523,2299,2610,24,
3286,3723,2527,2263,2613,24,
3292,3721,2531,2262,2619,24,
3303,3710,2524,2261,2624,24,
3293,3726,2529,2274,2626,24,
3291,3715,2533,2281,2645,24,
3022,3469,2475,2243,2624,24,
3310,3707,2539,2278,2654,24,
3280,3707,2534,2291,2654,24,
3289,3696,2541,2288,2657,24,
3327,3701,2545,2289,2660,24,
3327,3711,2538,2288,2658,24,
3318,3694,2539,2288,2656,24,
3314,3699,2538,2288,2671,24,
3199,3731,2559,2254,2618,24,
3219,3728,2551,2268,2645,24,
3252,3724,2551,2279,2646,24,
2992,3450,2474,2239,2627,24,
3278,3705,2558,2274,2658,24,
3280,3692,2559,2278,2666,24,
3297,3697,2550,2282,2662,24,
3055,2593,4095,3471,3637,25,x
3113,2630,4095,3469,3602,25,
3213,2659,4095,3456,3648,25,
3216,2679,4094,3460,3633,25,
3248,2683,4034,3397,3598,25,
3215,2702,4035,3406,3594,25,
3056,2690,4038,3408,3651,25,
3044,2722,4095,3440,3621,25,
3126,2719,4062,3408,3605,25,
3151,2757,4095,3447,3749,25,
3095,2723,4065,3420,3649,25,
3041,2725,4095,3472,3664,25,
3069,2743,4091,3429,3643,25,
3117,2765,4035,3412,3632,25,
3150,2775,4095,3429,3655,25,
3120,2790,4091,3430,3649,25,
3132,2771,4075,3433,3648,25,
3147,2779,4082,3418,3658,25,
3157,2768,4059,3430,3648,25,
3154,2785,4032,3430,3638,25,
2779,2222,3857,3299,3547,25,
3195,2759,4095,3455,3709,25,
3030,2999,4095,3489,3752,25,
3148,2961,4095,3467,3726,25,
3189,2992,4077,3466,3727,25,
3229,2751,3992,3440,3747,25,
3279,2773,3982,3426,3734,25,
3293,2787,3963,3435,3734,25,
3211,2854,3970,3429,3731,25,
3229,2875,3975,3429,3728,25,
3227,2861,3962,3436,3728,25,
3216,2855,3944,3413,3731,25,
3237,2873,4001,3440,3670,25,
3237,2871,4001,3441,3687,25,
3335,2859,4095,3467,3695,25,
3280,2858,4095,3462,3707,25,
3291,2866,4062,3451,3673,25,
3310,2884,4095,3470,3695,25,
3312,2881,4095,3431,3670,25,
3313,2886,4095,3443,3689,25,
3323,2880,4061,3445,3639,25,
3330,2881,4054,3447,3643,25,
3312,2874,4045,3440,3670,25,
3330,2855,4041,3430,3644,25,
3278,2882,4003,3434,3638,25,
3334,2886,4010,3439,3619,25,
3280,2855,4038,3425,3622,25,
3302,2892,4059,3450,3645,25,
3419,2884,4084,3453,2896,26,Y
3397,2895,3995,3467,2921,26,
3389,2895,4054,3482,2958,26,
3409,2865,4014,3441,2942,26,
3413,2877,4048,3477,2953,26,
3344,2873,4016,3461,2967,26,
3422,2882,4042,3485,2991,26,
3344,2873,4030,3464,2982,26,
3362,2865,4083,3486,2956,26,
3282,2848,4067,3513,2993,26,
3280,2854,4054,3516,2998,26,
3277,2855,4038,3463,2994,26,
3328,2885,4043,3473,2974,26,
3330,2865,4031,3457,2995,26,
3321,2876,4025,3456,3007,26,
3318,2875,4022,3499,3029,26,
3353,2895,4017,3434,2993,26,
3350,2909,4042,3465,2989,26,
3350,2896,4045,3499,3020,26,
3354,2887,4062,3472,3021,26,
3354,2896,4049,3477,3024,26,
3352,2896,4039,3477,3024,26,
3383,2890,4047,3467,3015,26,
3344,2881,4025,3446,3014,26,
3359,2883,4087,3469,3035,26,
3410,2894,4032,3470,3034,26,
3104,2739,4010,3392,2942,26,
3377,2903,4028,3480,3026,26,
3420,2922,4050,3446,3028,26,
3366,2895,4023,3451,3025,26,
3408,2885,4026,3459,3012,26,
3422,2915,4033,3474,3041,26,
3399,2934,4074,3504,3067,26,
3437,2939,4087,3469,3051,26,
3427,2928,4059,3468,3059,26,
3379,2927,4091,3470,3051,26,
3418,2927,4083,3474,3042,26,
3346,2879,4085,3479,3050,26,
3355,2889,4090,3476,3027,26,
3319,2901,4095,3482,3045,26,
3152,2894,4042,3460,2736,26,
3440,2725,4034,3511,2719,26,
3459,2768,3998,3467,2833,26,
3379,2797,4055,3490,2897,26,
3317,2941,4082,3498,3024,26,
3344,2896,3959,3462,2719,26,
3397,2854,3875,3412,2721,26,
3439,2924,3830,3431,2882,26,
3377,2945,4045,3491,2973,26,
3246,2845,4039,3499,2764,26,
3417,2910,4095,3542,2951,26,
3013,2843,4095,3502,2786,26,
3046,2881,4095,3505,2703,26,
3414,2953,4095,3504,2955,26,
2941,2862,4095,3504,2893,26,
3015,2928,4095,3514,2901,26,
3137,2978,4095,3520,2983,26,
3236,2908,4095,3495,2686,26,
3295,3018,4095,3453,2898,26,
3225,2987,3987,3454,2730,26,
3248,3018,3966,3471,2839,26,
3146,2991,3934,3458,2914,26,
3135,2974,3920,3457,2782,26,
3047,2960,4095,3635,2883,26,
3114,2922,4050,3491,2893,26,
3085,2891,4053,3494,2903,26,
3133,2889,4055,3473,2574,26,
3165,2844,4048,3446,2603,26,
2800,2666,3813,3215,2704,26,
3154,2901,4017,2083,3553,27,Z
3195,2905,4095,2374,3550,27,
2966,2667,3790,2235,3447,27,
3195,2928,4048,2245,3551,27,
3142,2919,4014,2146,3582,27,
2951,2931,4095,2077,3536,27,
2989,2992,4095,1984,3600,27,
2972,2976,4095,2001,3579,27,
3006,2992,4095,2119,3552,27,
3071,2998,4095,2274,3601,27,
3093,3003,4095,2288,3577,27,
3133,3025,4095,2287,3574,27,
3021,2987,4095,2409,3665,27,
2945,2862,4095,2123,3686,27,
2951,2910,4095,2112,3632,27,
3019,3005,4043,2451,3633,27,
3015,3018,3791,2195,3635,27,
3315,2822,4095,2016,3629,27,
3167,2783,4015,2010,3604,27,
3339,2864,3950,2274,3599,27,
3185,2879,3910,2270,3638,27,
3088,2873,3867,2126,3632,27,
3223,2993,4095,2333,3665,27,
3257,2999,4095,2323,3632,27,
3261,2993,4089,2331,3648,27,
3263,2993,4080,2327,3636,27,
3280,2992,4087,2333,3639,27,
3264,3014,4082,2320,3632,27,
3342,2995,4095,2332,3645,27,
2880,2651,3807,2193,3555,27,
2967,2934,3957,2127,3637,27,
3219,2850,3984,1982,3623,27,
3184,2879,4095,2107,3590,27,
3118,2917,4095,2127,3600,27,
3107,2942,4095,2153,3616,27,
3139,2975,4071,2315,3633,27,
3150,2963,4061,2311,3615,27,
3158,2993,4048,2320,3618,27,
3159,2982,4050,2320,3621,27,
3158,2981,4060,2319,3623,27,
3161,2978,4066,2327,3620,27,
3069,2994,4074,2385,3647,27,
2811,2809,3879,2345,3582,27,
3034,2950,3895,2061,3601,27,
3366,3053,4095,2283,3677,27,
3047,3002,4095,2000,3648,27,
3055,3010,4095,2105,3603,27,
3009,2962,4060,2071,3573,27,
3047,2977,4095,2173,3594,27,
3061,2975,4095,2190,3601,27,
3081,2977,4095,2195,3579,27,
3105,3014,4095,2245,3600,27,
3137,2997,4095,2149,3598,27,
3131,2974,4086,2358,3603,27,
3152,3023,4095,2432,3621,27,
3126,2998,3931,2422,3604,27,
3155,2974,3900,2423,3589,27,
3013,2906,4026,2155,3583,27,
3018,2891,4016,2163,3593,27,
3030,2914,3913,2165,3583,27,
3099,3019,4095,2240,3674,27,
3205,3008,4095,2390,3672,27,
3053,2939,4032,2112,3603,27,
3017,2932,4017,2157,3622,27,
3088,2977,4000,2341,3642,27,
3042,2942,3952,2153,3548,27,
3120,3008,3994,2350,3536,27,
3126,3014,3987,2344,3536,27,